Age,Gender,AnnualIncome,NumberOfPurchases,ProductCategory,TimeSpentOnWebsite,LoyaltyProgram,DiscountsAvailed,PurchaseStatus
40,1,66120.26794,8,0,30.56860116,0,5,1
20,1,23579.77358,4,2,38.24009661,0,5,0
27,1,127821.3064,11,2,31.6332115,1,0,1
24,1,137798.6231,19,3,46.16705881,0,4,1
31,1,99300.96422,19,1,19.82359186,0,0,1
66,1,37758.11747,14,4,17.82749293,0,2,0
39,1,126883.3853,16,3,42.08538352,1,4,1
64,1,39707.35972,13,2,17.19029154,1,0,0
43,0,102797.3013,20,1,6.023474557,0,3,0
20,1,63854.92108,16,0,38.57246639,0,5,1
66,1,66199.99393,11,1,1.415531963,1,5,1
70,1,83556.71813,11,2,42.17399933,0,4,1
54,0,114467.229,9,2,17.62604367,1,5,1
64,1,31880.89322,17,0,22.75347252,1,1,0
19,1,107485.6609,7,1,28.26032123,1,4,1
70,1,67049.59881,2,4,21.89509761,0,0,0
51,1,129174.2089,13,4,21.80877609,0,0,1
18,1,128374.4951,0,2,16.76826242,0,4,0
57,0,71740.68808,12,2,40.69672742,0,2,0
20,0,121499.0062,12,3,21.24005222,1,0,1
59,0,92768.23887,3,2,1.037023481,0,5,0
19,0,116945.3918,17,3,5.953791243,0,5,1
46,1,133256.5827,7,2,41.68540087,0,2,0
22,1,56597.75579,16,4,14.82783535,1,1,1
31,0,78117.22069,13,0,30.35346919,0,1,1
62,0,108227.0944,18,3,10.39038596,0,2,0
67,1,102252.5442,14,1,44.49593419,0,5,1
66,0,97875.79633,17,1,54.59355036,0,2,1
67,1,23792.06927,15,4,28.6475068,1,5,0
48,1,138727.3032,9,0,13.7152586,0,2,0
52,1,42589.00711,1,1,3.626033317,1,5,0
63,0,80023.0987,11,2,44.96924768,0,0,0
36,0,144947.6131,12,1,26.15156533,0,4,1
37,0,101842.5006,16,3,17.34032247,0,1,0
25,0,139395.4362,1,0,1.649788142,0,2,0
40,1,107419.8647,15,2,28.88197533,0,5,1
53,1,93069.46327,12,3,44.39322491,1,0,1
30,0,52154.24106,15,1,18.96686816,0,2,0
66,0,124009.2259,7,4,52.24461702,0,0,0
43,0,48046.28829,5,2,29.53911611,1,0,0
43,1,43303.22955,13,3,2.757639738,0,5,0
68,0,64874.9871,9,1,42.14942186,0,4,1
59,0,123832.8449,7,2,49.28016124,0,1,0
45,1,99978.52697,15,2,40.62795363,1,0,1
50,1,57327.93455,20,1,30.65517682,1,3,1
61,1,114517.379,12,1,30.98195957,0,0,0
62,0,67931.93221,11,4,58.26272557,0,5,1
53,1,67808.71561,17,0,32.09595923,0,5,1
18,1,129969.7872,14,1,15.87649339,0,4,1
47,1,104216.268,13,1,56.84931579,1,4,1
52,0,40534.12697,1,1,54.28825075,0,2,0
25,0,29263.37461,2,3,13.27825604,0,4,0
18,1,38570.53735,5,3,23.84751684,0,5,0
40,0,33711.58099,16,4,11.79069013,1,4,0
22,0,32401.90605,10,0,42.61602584,0,3,1
35,0,80147.82866,12,2,40.9703379,0,0,1
32,1,90421.62561,15,3,58.75625381,0,0,1
42,1,108080.4948,9,1,21.04186449,0,3,0
47,1,75279.66411,8,2,51.85093954,0,4,1
31,0,95411.54851,12,0,57.81060642,1,2,1
33,1,26258.56868,19,3,12.92277523,0,5,0
23,0,118155.4507,16,2,1.403604141,0,2,0
52,1,116034.0096,0,4,21.42040151,1,3,1
66,1,118928.7988,16,1,41.05435289,0,2,0
55,0,56724.48858,15,0,54.99486114,0,4,1
59,1,77136.51952,6,3,54.91870113,0,3,1
62,1,62288.36742,8,0,11.59976098,0,0,0
40,1,124336.1383,10,2,6.45848065,0,0,0
57,1,56722.23672,1,3,7.736843034,1,1,0
45,1,101410.4618,19,4,25.43375936,1,2,0
33,1,53837.29148,16,4,18.61109279,1,4,1
70,0,119425.2741,4,3,45.35588065,0,5,0
43,0,86607.29108,14,4,40.27337954,0,2,0
42,1,25069.48163,15,1,1.797304896,0,1,0
43,1,66806.56057,20,4,55.59200349,1,0,1
65,0,36226.70582,12,4,30.70729717,1,1,0
68,1,118640.913,13,2,11.47591726,0,5,0
40,1,118450.3269,9,3,43.45517426,1,5,1
64,1,118052.2738,11,3,56.20920643,0,3,1
24,1,22837.04158,17,2,18.84134868,0,4,0
22,1,86465.81009,20,2,53.63147275,0,3,1
40,0,98472.83607,20,0,53.05186978,0,2,0
25,0,44363.55273,4,3,7.011613484,1,1,0
68,0,41751.76952,19,3,14.81205723,0,3,0
68,0,55711.49596,15,3,22.18104532,0,5,0
43,0,33234.47878,20,1,51.35446764,0,4,0
23,1,39149.39576,2,1,26.42553885,0,4,0
26,1,107636.9384,1,2,14.37731939,0,0,0
35,1,70116.54762,4,4,40.45158221,1,2,1
70,0,85814.58773,19,0,13.07844778,1,0,0
31,1,67812.17841,6,3,49.30606181,0,1,1
43,0,118837.677,3,1,8.367334537,1,0,0
43,1,69986.47259,19,2,55.46726533,1,4,1
27,1,103956.9102,2,0,32.59243203,0,1,0
36,1,144485.532,19,2,31.0128245,0,4,0
31,1,115923.0374,2,1,35.61813902,0,1,0
58,1,111633.2313,8,1,44.2374619,0,5,1
47,1,49291.20089,13,4,1.287236052,0,4,0
29,0,64518.23725,6,3,54.11842213,0,1,1
44,0,114377.3883,16,0,5.619798558,1,5,1
54,1,90906.14302,3,1,51.63019658,1,0,0
24,0,98084.63865,19,0,4.638800434,0,0,0
54,0,28320.82506,3,1,47.31540334,1,4,1
55,0,29911.09834,15,2,34.02332872,0,5,0
29,0,149326.5082,20,4,3.562568077,0,3,1
23,0,142681.2071,12,2,25.50042482,0,2,0
25,1,65146.01507,6,1,38.49024732,0,4,1
54,1,113399.0132,11,0,29.65221331,0,1,0
18,1,26716.93382,6,3,29.21873638,0,0,0
34,1,145241.2764,10,2,28.6297349,0,2,0
62,1,93492.93309,0,0,26.36083551,0,3,0
70,1,59135.99012,5,3,18.85807341,0,0,1
58,1,90382.98896,5,3,41.27335751,0,2,0
36,0,29825.8698,5,0,42.9427655,0,4,1
23,1,20017.51009,5,3,23.93181029,0,5,0
52,0,22722.84493,18,2,50.14902157,0,3,0
33,0,96410.01691,14,1,21.25928958,0,0,0
47,0,43065.74003,7,0,17.22646158,1,2,0
40,1,36167.89187,20,0,49.71060207,0,2,0
52,0,69898.28375,12,1,43.32499367,0,4,1
57,1,112561.8226,8,0,18.05906639,1,0,0
64,1,132261.1779,13,3,35.30578293,0,1,0
43,0,45897.98574,1,4,24.798494,0,2,0
41,0,70461.5418,11,2,40.98321093,1,1,1
65,1,26529.38149,18,3,6.58617844,0,4,0
68,1,30007.33072,19,3,9.673882339,1,5,0
19,1,24590.47614,1,3,14.97105754,0,5,0
38,0,115929.2611,20,3,44.22931085,0,5,1
53,1,30017.57629,14,3,35.35200948,0,4,0
64,0,112523.9647,9,4,16.4006751,1,4,1
70,1,86224.87666,13,0,56.32202618,0,2,0
21,1,36652.44703,16,4,44.28492758,1,2,1
58,1,143569.0368,20,1,53.43604449,0,4,1
56,0,95610.89809,5,4,35.65351968,0,1,0
32,0,88939.27732,18,1,31.73226118,1,1,1
18,1,34941.28962,4,1,51.11840137,0,1,0
22,0,37476.56682,2,1,13.28838283,0,3,0
64,0,130545.2401,18,2,40.64659214,0,3,1
68,0,21910.14053,10,1,27.68882927,1,1,0
39,0,126226.6585,19,2,20.84217757,0,3,1
44,1,121888.7795,18,2,23.25354872,0,2,0
70,1,86446.7881,2,1,27.17838537,1,2,0
50,0,136101.7267,13,1,55.20609098,0,2,0
43,1,114767.538,12,2,50.4096028,0,2,0
25,0,72231.24409,0,2,16.82677118,1,3,1
60,0,54492.39788,14,2,18.105561,0,4,0
65,1,55499.2053,20,4,12.77809965,0,5,0
31,0,51356.18949,13,4,32.94039567,0,1,1
52,1,149123.152,8,3,47.40842478,0,2,0
38,1,56530.58486,9,3,43.55224358,1,5,1
57,1,79069.05349,8,4,43.2216223,0,2,0
55,1,37596.0307,18,1,42.42287145,1,4,1
40,1,31322.05968,20,1,9.333378184,0,2,0
65,0,57988.36996,5,0,49.27973006,0,3,0
46,0,84195.82526,12,1,13.35564258,0,3,0
43,0,101042.7746,14,4,1.596751468,0,5,0
28,0,114836.0697,20,1,4.121538563,0,2,0
49,1,135205.4515,20,3,6.459184708,0,0,0
32,1,58387.76423,15,1,36.43579112,1,5,1
69,1,120245.9661,13,4,33.58696835,0,2,0
40,0,136232.2593,0,4,4.728108477,0,3,0
34,1,102069.9819,16,4,41.1183309,1,5,1
26,1,107903.0831,7,2,20.97806252,0,1,0
68,0,102507.2655,6,0,52.12061273,0,1,0
64,0,72985.94711,1,1,50.15830793,0,4,0
44,1,85798.44217,9,0,20.95562707,0,3,0
18,0,29053.34926,17,1,35.68623717,0,3,1
47,0,73287.63566,9,0,57.58597029,0,3,1
53,0,55997.58336,17,2,13.40132615,1,1,0
50,1,76422.5176,12,4,15.67902676,1,4,1
51,0,85052.14894,12,4,30.48131059,0,4,1
33,0,79662.26716,4,4,36.79303026,1,2,0
53,1,21575.7007,10,4,59.90080664,0,1,0
52,0,79310.74616,3,2,11.40994646,0,0,0
27,0,145689.915,18,4,22.54844765,0,3,1
40,0,30850.33105,7,3,35.51092274,1,4,1
39,0,98812.88191,3,2,46.30470545,1,5,1
20,0,76422.72645,13,4,41.93871558,1,1,0
69,1,41411.82595,16,3,37.80087984,1,5,1
57,0,86801.08035,7,0,24.02698661,0,5,0
52,1,34798.99115,5,1,6.524340707,1,1,0
31,0,122381.3812,1,2,42.81915663,0,4,1
56,1,48679.55385,17,1,10.11052969,0,3,0
45,0,103533.4759,5,3,27.53094165,0,4,0
53,0,99329.26943,3,2,54.79194305,1,0,0
38,1,30549.39321,0,0,54.24998478,0,2,1
21,1,82574.73971,9,0,24.6677302,0,0,0
37,0,122519.9454,5,3,21.34141625,0,5,0
66,0,41090.34275,3,1,16.37983431,0,5,0
54,0,97162.9216,11,2,32.24478816,1,1,1
36,0,123789.4443,2,1,54.07125314,0,5,1
21,0,73640.83931,3,3,31.35914563,0,3,1
47,1,58647.80274,6,0,47.64348561,0,5,0
24,0,94343.39526,2,3,40.19602263,1,2,1
32,0,134714.1279,7,1,16.70765859,0,2,0
22,0,147050.028,2,0,29.45518812,0,2,0
50,0,81923.64533,5,0,33.09776795,0,4,0
27,0,120479.7926,19,2,15.74336878,0,1,0
43,1,147283.6419,12,0,48.01483265,0,3,1
22,0,87622.086,2,1,24.94291344,0,2,0
48,0,35383.70482,10,1,53.03655775,0,3,0
66,1,141127.9835,0,1,1.128864429,0,3,0
41,1,108740.2388,8,1,37.69854214,0,0,0
58,1,122052.1507,17,4,21.25475718,0,2,0
39,1,106829.5998,9,0,44.3665428,0,1,1
68,0,63219.30043,20,2,55.69324545,1,4,1
63,0,73773.54774,7,3,4.540483363,1,3,1
27,0,56955.63208,3,1,50.36705148,0,0,0
66,0,60536.0973,16,2,55.95726056,1,0,1
42,0,42778.83037,17,3,59.98534224,0,3,0
44,1,126873.4109,7,4,23.24345501,0,4,0
70,0,115856.4201,9,2,19.04299717,0,3,0
39,1,84715.62604,9,0,56.51169978,0,4,1
49,0,118377.6957,19,4,7.829842729,1,5,1
38,1,101457.0264,14,4,57.65286627,0,3,1
61,0,109107.7048,13,2,4.434833212,1,4,1
23,0,97095.76344,13,4,24.56650446,1,3,1
43,0,63450.98143,13,3,3.029789299,0,1,0
36,0,44193.18432,17,3,11.49515947,0,0,0
69,1,125530.0725,14,1,25.98543855,1,4,1
29,0,145204.9645,4,4,47.27200666,0,4,1
54,1,142288.3019,15,3,9.585520723,1,5,1
66,1,124832.4702,11,3,39.35668018,0,3,1
42,0,109457.5118,1,2,5.176694725,0,4,0
50,0,37571.61759,13,2,28.35370239,0,2,0
21,0,76396.26454,18,2,52.57243796,1,5,1
35,0,20996.32424,0,2,15.22279641,0,4,0
19,1,28862.40022,19,3,49.67708383,0,4,1
45,1,135727.9503,14,2,40.91185647,1,0,1
40,1,116574.5942,10,2,5.501844796,0,4,1
18,1,61002.89645,0,2,46.83673114,0,1,0
27,0,106996.0342,1,4,58.88475985,0,5,1
23,1,23035.77252,17,0,53.42988472,0,2,0
64,1,62207.8705,2,0,41.93792655,0,0,0
42,0,76224.72418,9,4,24.47966044,0,4,0
38,1,30519.5068,4,4,59.89379455,0,3,0
45,1,129459.8119,1,2,41.45345321,0,3,0
25,1,60735.22929,8,4,21.58335458,0,5,1
32,1,51451.11844,4,4,32.86467999,0,4,1
18,1,118931.0301,1,2,33.43139221,1,0,1
48,1,146863.5881,6,0,17.75944495,0,2,0
20,1,59303.32242,18,1,6.569451078,0,4,1
39,1,140524.3818,13,2,53.38243743,0,5,1
57,1,79069.05349,8,4,43.2216223,0,2,0
28,0,53070.90551,0,1,18.85476779,1,2,0
70,0,126922.4733,12,2,41.17624419,1,4,1
43,0,89293.75274,10,4,57.24566596,1,4,1
70,0,123568.5816,5,3,31.13029608,1,0,0
18,1,24995.42537,15,3,30.33652251,1,2,1
59,1,86588.84971,6,1,3.836659141,0,2,0
38,0,144269.4478,17,1,34.15493849,0,4,1
68,0,134789.1972,3,0,5.462191466,0,3,1
65,0,65922.68311,15,3,34.86181903,1,0,1
50,0,113878.6206,15,0,32.95421845,0,5,1
22,0,29992.06979,1,1,26.42828449,1,4,0
48,1,130295.2993,19,3,57.51681247,1,2,1
52,0,46909.0352,7,0,30.44741083,0,3,0
65,0,100913.7734,17,1,56.92394308,1,4,1
53,0,55985.86001,15,3,53.24800717,0,5,1
51,1,30094.41351,15,1,40.28560821,0,1,0
51,1,78415.46647,9,1,47.9906544,0,4,1
28,0,55151.12723,17,1,34.01739448,1,0,1
37,1,104411.9022,3,4,5.621296254,0,5,1
61,0,81997.01384,1,3,36.99255738,0,4,0
33,0,33082.87221,15,2,7.901999737,1,1,0
61,1,28540.33166,3,4,40.10435823,1,0,0
57,0,135943.3788,9,4,13.19194791,0,3,0
18,0,86356.22357,11,1,35.40099338,1,0,1
25,0,111342.3905,18,1,44.99207162,0,2,1
43,1,147555.0288,17,4,52.52534152,0,5,1
68,0,136365.3063,6,2,2.947704218,0,0,0
43,0,101042.7746,14,4,1.596751468,0,5,0
30,0,130105.951,16,2,27.17509918,0,1,0
50,0,41425.92604,6,0,29.86509282,1,2,0
56,1,115264.2008,6,1,57.21722896,0,3,1
24,1,142778.3158,19,4,45.54856447,1,4,1
67,0,110024.0675,8,3,31.66141684,0,5,1
50,1,109555.0893,20,0,1.218442003,1,3,1
30,1,64611.75591,12,1,40.71356954,0,2,1
56,1,87768.4862,4,1,22.01874378,0,3,0
60,0,84072.39598,4,4,23.19753332,0,2,0
57,1,57765.58574,9,3,30.35422965,1,3,1
30,0,55902.04252,19,1,25.26848713,0,4,1
35,1,126987.8947,6,4,44.66105021,0,3,0
29,1,67976.89283,16,4,57.39828717,0,3,1
37,1,125816.135,14,4,27.32280613,0,4,1
22,0,115866.3899,16,4,37.6523653,1,2,1
27,0,90753.01559,20,2,51.66636951,0,5,0
43,0,144286.1287,5,4,38.39149114,0,4,0
29,0,127092.7499,7,4,55.96789574,0,3,1
49,0,97118.80411,0,4,52.05237899,0,1,0
34,1,58300.52153,17,3,9.100899133,1,1,1
29,1,116187.5357,2,1,56.77311537,1,3,1
40,0,87520.16174,15,0,50.80696785,1,1,1
25,0,40658.0618,18,3,4.287951156,0,4,0
51,1,61286.28338,4,0,15.05435669,0,0,0
32,0,113515.9709,5,0,55.13514878,1,2,1
48,0,38537.23873,3,4,4.684212223,0,0,0
36,1,117347.4238,16,2,12.30860781,0,3,1
65,1,55499.2053,20,4,12.77809965,0,5,0
38,0,66615.2,14,1,27.07256285,0,2,0
42,1,27417.11375,19,1,52.2685872,0,0,0
58,0,85760.85008,18,3,27.50719827,1,1,0
53,0,29230.99639,19,1,30.10356881,0,0,0
50,0,41425.92604,6,0,29.86509282,1,2,0
50,0,90082.29186,11,1,46.92201451,0,3,1
56,1,48679.55385,17,1,10.11052969,0,3,0
29,1,38095.57117,14,3,49.68967133,1,4,1
23,0,126812.7967,15,1,17.17567822,0,1,0
30,0,35795.17892,18,0,4.2268973,0,1,0
40,1,36414.4164,8,1,48.5225107,0,5,0
66,0,143685.8753,14,3,52.59403109,0,2,0
33,0,79564.29528,3,0,26.97063939,0,5,0
42,0,46061.68702,5,0,9.289930883,1,0,0
20,0,44443.2155,9,2,11.46373034,1,0,0
25,0,40658.0618,18,3,4.287951156,0,4,0
67,0,80311.07899,18,1,32.97959711,0,5,1
54,0,120704.9591,15,4,30.11099532,1,1,1
46,0,38573.87497,9,3,58.25587438,0,4,0
42,1,35626.93979,19,2,54.63469003,1,0,0
30,1,131433.3034,1,4,8.40934406,0,0,0
50,0,74383.40233,13,1,52.09536825,0,2,0
21,0,85774.52801,9,2,44.50500535,0,1,1
67,0,73836.86783,0,3,35.36949287,0,1,0
38,0,132143.2612,14,0,42.54635782,0,4,1
64,1,74941.79561,2,3,49.63181117,1,2,0
48,1,66830.40944,0,0,17.91924578,0,3,0
58,1,133454.9326,5,3,58.9531076,0,3,0
46,0,50866.35089,19,0,59.74152452,1,0,1
68,0,104526.142,8,0,42.2725212,0,0,0
66,1,117249.5133,3,4,7.326121258,0,2,0
56,1,106914.4441,13,1,58.35268079,1,0,1
65,1,131818.1601,0,2,14.02124541,1,1,0
24,0,35990.42837,11,1,3.19608057,0,2,0
20,0,53787.6473,12,1,36.51689983,0,3,1
45,1,145322.2629,16,3,34.37060814,0,0,0
40,0,71551.97866,10,3,32.60394364,0,3,1
49,0,87170.79008,3,4,11.35920688,0,0,0
61,1,33701.11835,6,0,27.85232963,0,2,0
36,0,42558.18695,9,1,14.15757959,0,2,0
56,1,59513.03216,15,2,11.06174488,1,3,1
64,1,145821.8045,1,0,16.2787347,0,1,0
25,0,79992.0704,20,3,18.6963709,0,1,0
29,0,92161.04341,12,4,3.725592509,0,5,1
26,1,57555.04206,7,4,44.99829029,0,2,1
66,1,69452.07137,12,0,40.17794895,0,1,0
46,0,20001.51252,4,2,8.372437399,1,4,0
56,1,29250.57707,18,4,3.942010013,0,2,0
44,1,23308.20879,1,0,7.047283422,1,1,0
35,1,134345.6411,6,0,3.189685878,1,4,1
28,1,119388.6133,4,1,39.27537319,1,5,1
36,0,51446.19767,6,3,3.044391879,1,2,1
26,1,26806.15262,17,4,20.84722968,1,2,0
31,1,79500.94867,16,1,43.15917842,0,2,1
41,0,40809.31254,20,1,47.69041223,0,1,0
21,0,87334.8686,4,4,33.490739,1,4,1
56,0,21317.05392,7,1,24.05091869,0,4,0
39,1,91438.83967,3,2,56.86593158,0,1,0
66,1,111592.0756,2,2,27.29581562,0,5,0
62,0,139460.4494,10,2,21.1631817,0,0,0
41,1,119377.2946,18,4,33.79880901,0,3,1
32,0,79756.43315,6,3,23.89544998,1,3,1
62,0,139162.5807,14,3,40.20100341,1,4,1
46,1,22494.99599,14,3,56.91996789,1,1,0
48,1,122216.1659,19,0,8.174710302,0,2,0
59,0,130046.864,10,4,26.06221715,0,3,0
45,1,65808.74306,14,1,22.16489415,0,5,0
53,1,95890.46147,2,3,31.53836844,1,0,0
43,0,145903.5411,1,2,5.191207863,0,4,0
41,1,66214.09136,20,4,4.206537803,0,0,0
38,1,39662.08774,16,1,58.39780536,1,1,1
54,1,21152.22706,7,3,44.37982176,0,1,0
49,1,21213.11058,11,0,18.67382286,0,3,0
34,1,121447.5154,17,2,58.37882724,0,5,1
64,1,21177.04101,3,3,27.88191131,0,3,0
60,0,137318.9299,11,2,10.98298005,0,5,0
35,0,39506.32641,18,1,17.74407864,1,4,1
63,0,116261.8972,12,4,44.07768108,0,4,1
41,1,52288.91385,5,1,6.975291306,0,4,1
37,0,133095.9908,14,4,16.1579428,0,2,0
53,0,134440.9191,4,2,11.34472024,0,4,0
37,1,38292.49865,9,4,49.33481851,0,0,0
54,1,81098.47486,6,0,16.52172177,0,3,0
66,0,84161.05544,12,1,53.74642468,0,0,0
37,0,70632.64634,20,0,27.09779202,1,4,1
59,0,130046.864,10,4,26.06221715,0,3,0
49,0,55204.82264,11,0,15.67479823,1,2,0
43,1,144512.6741,18,0,46.989498,1,1,1
61,1,124930.2199,13,4,24.02922098,0,5,0
58,0,104626.5507,1,1,59.88066988,0,3,0
37,0,65154.63241,10,4,28.06360182,0,1,0
51,1,96466.2947,3,4,39.81901966,1,3,1
45,1,79846.57526,3,1,17.28098086,0,1,0
42,0,91351.62646,6,1,29.41375927,0,3,0
21,0,46342.24244,0,0,35.04677867,0,2,0
19,1,105381.4136,14,3,34.47914927,0,5,1
41,0,45868.97806,6,3,48.91859565,0,5,0
56,0,99951.68585,13,2,33.19445123,1,4,1
25,1,28581.27974,12,2,52.57596637,1,1,1
39,1,32791.43446,18,2,1.137080962,0,1,0
59,0,65232.38351,11,1,35.29794016,0,0,0
28,1,35405.34107,11,0,53.44245081,0,5,1
46,0,32041.3128,16,1,51.42252252,0,2,0
61,1,64964.0699,15,4,27.2220165,0,4,0
69,1,127377.1677,12,1,27.62582545,0,4,0
60,0,28128.41845,18,0,10.83909186,0,2,1
66,1,23405.57211,2,1,38.29508719,1,4,0
55,1,102467.2796,4,3,26.88139855,1,4,0
50,0,32201.44703,16,2,32.4379808,1,3,1
21,1,115369.8695,10,2,45.43401198,1,0,1
19,1,120009.6362,9,0,43.91969109,0,5,1
43,0,57392.25478,10,4,41.15344364,0,0,0
49,0,53708.57865,20,2,52.80072457,0,1,0
39,1,32791.43446,18,2,1.137080962,0,1,0
44,0,86086.8711,16,4,28.97049958,0,3,0
58,1,95025.93618,18,0,10.14551138,0,0,0
61,0,134267.257,16,1,7.962355571,0,1,0
40,1,144549.5524,18,0,38.18033001,1,4,1
45,1,79846.57526,3,1,17.28098086,0,1,0
25,1,111148.1473,17,4,51.14071367,1,1,1
52,0,107622.5895,19,2,48.29082818,0,1,0
47,1,146984.0427,5,2,15.01604086,0,5,0
22,1,51251.85868,4,1,46.09084429,0,0,0
52,1,93329.62375,1,3,53.42346402,0,2,0
29,0,62263.52201,19,4,4.270546348,0,2,0
55,1,58921.42649,18,2,13.10798515,1,0,0
68,1,98250.04603,10,4,40.68601627,0,5,1
37,0,44092.92334,14,2,43.92464921,0,3,1
25,0,114048.2163,8,0,24.8649728,0,3,1
68,1,121482.1233,13,0,4.535584164,0,0,0
31,1,58407.82107,8,4,52.8460449,0,3,1
28,0,91035.94109,18,3,20.38765603,0,4,1
43,0,113869.222,12,0,16.37903764,0,2,0
64,1,31880.89322,17,0,22.75347252,1,1,0
27,1,78533.052,17,4,40.6646765,0,1,1
68,1,104789.1537,11,4,44.06548764,0,0,0
50,0,92821.86385,20,0,51.33456214,0,4,1
24,0,113122.0404,16,4,58.58907543,0,1,1
23,1,38304.38336,17,4,55.85771164,0,5,1
19,1,68792.88803,14,0,4.168127637,0,3,1
51,1,34635.45075,19,3,8.297760186,1,5,0
70,1,44197.66671,4,4,16.59368541,1,4,0
33,1,58989.4845,16,0,43.98958432,1,5,1
25,1,94019.05695,0,2,9.779714157,1,1,0
28,1,90853.49946,8,3,14.19314457,1,0,1
60,0,139729.2877,11,3,31.35269363,0,4,1
59,1,126929.5233,19,4,43.92621909,1,2,1
68,0,136365.3063,6,2,2.947704218,0,0,0
22,0,37476.56682,2,1,13.28838283,0,3,0
31,1,139371.0813,6,0,38.71843289,1,3,1
45,0,67397.18467,5,1,18.33387377,0,3,0
39,1,75573.65943,12,4,49.08590368,1,3,1
45,0,147447.9363,14,0,23.55200188,0,4,1
46,1,133256.5827,7,2,41.68540087,0,2,0
57,0,68324.12863,15,2,51.6080846,0,2,0
26,1,29370.96368,10,3,14.11468323,0,2,0
44,0,86086.8711,16,4,28.97049958,0,3,0
54,0,90782.70326,19,4,5.195531785,0,4,0
35,0,55353.4644,4,0,5.819106127,0,5,0
33,0,21964.38895,9,1,38.83467685,1,2,0
28,0,37455.73062,1,1,26.30621861,0,0,0
61,1,114517.379,12,1,30.98195957,0,0,0
65,0,131483.1039,16,0,40.58102833,0,0,0
33,0,33082.87221,15,2,7.901999737,1,1,0
31,1,53740.43181,9,4,2.041064451,0,0,0
63,1,52182.77014,7,3,1.914396268,1,0,1
24,0,77225.86973,7,3,53.5702793,1,1,1
35,0,107883.4174,17,2,23.13086491,0,5,0
18,1,149785.1765,10,0,38.97946857,0,5,1
38,1,117653.1462,12,4,30.68757086,1,4,1
55,0,21290.09675,11,4,54.84336139,1,4,1
44,1,109312.5046,1,1,45.08693214,1,1,0
47,0,85081.15485,7,3,18.00170685,0,0,0
24,1,63426.49554,5,3,46.15096092,1,3,1
28,0,146829.3261,6,4,2.277088119,0,3,1
46,0,86625.34434,7,1,58.83541126,1,3,1
48,0,72923.84359,12,0,57.31094404,1,1,1
37,1,58130.1194,9,0,54.21266473,0,3,1
20,1,73223.56934,5,4,1.886329977,0,1,0
62,0,60458.27436,20,3,43.35436425,0,1,0
56,1,73059.71981,2,4,10.88075894,0,0,1
62,1,119959.9617,4,3,30.08088085,0,5,0
49,0,57370.01644,5,3,1.278033106,0,4,1
49,0,52068.25239,9,1,28.00688521,0,3,0
57,0,86801.08035,7,0,24.02698661,0,5,0
51,1,22848.73274,11,4,49.93630336,1,3,0
28,1,72663.35029,17,1,58.93193126,1,0,1
19,0,118721.7741,4,0,13.84576903,1,4,1
68,0,27561.29342,6,1,7.049222695,0,0,0
29,0,77242.04439,4,0,38.94059862,0,5,1
23,0,39343.47602,13,4,36.7767809,0,4,1
25,0,79539.44867,1,4,4.36859087,0,2,0
46,1,135971.0096,1,3,20.38566733,1,1,0
31,0,78472.00435,5,2,36.7394701,1,4,1
29,0,87350.23961,18,2,45.28210566,0,3,1
58,0,148935.2937,10,1,53.99064024,1,2,1
26,0,58681.29867,15,2,52.66542253,0,1,1
68,1,111501.4219,9,2,38.01153408,0,2,0
39,1,55715.09832,16,0,55.67326768,0,3,1
30,1,36984.8047,16,0,48.24735859,0,1,0
45,0,126073.1021,19,0,31.12069542,1,1,1
50,1,138026.8432,10,3,48.37919249,0,4,1
69,1,53488.93864,5,3,47.05379082,0,0,0
64,0,131245.8437,15,2,43.83761824,0,0,0
47,0,112813.8422,9,1,45.22724278,0,3,1
42,0,41574.13639,16,3,31.73204853,0,5,0
61,0,137229.059,16,3,57.06811381,1,5,1
55,1,103261.8855,10,3,42.43717379,0,0,0
25,0,58389.19208,14,4,2.527868145,1,5,1
42,1,111726.1621,14,0,36.80078085,1,0,1
45,1,23275.14381,19,4,12.83729332,1,3,0
25,0,146360.6929,7,3,57.7705617,0,1,1
55,0,105042.6982,6,4,38.23590465,0,5,1
64,1,29477.2386,6,1,2.938545167,0,1,0
44,1,135999.3248,0,3,36.56793644,0,3,0
49,1,128815.3463,11,1,54.5924854,0,0,0
49,1,145330.1941,14,1,51.42582744,0,5,1
21,1,122561.2213,8,1,55.46695399,0,2,1
68,1,121482.1233,13,0,4.535584164,0,0,0
48,0,78661.11474,14,1,41.66170322,1,4,1
45,1,20203.46367,16,0,31.69148186,0,1,0
36,1,27611.6208,4,4,18.69258184,0,2,0
30,1,105610.267,15,0,11.67159694,0,0,0
31,0,112716.8948,6,2,36.86390662,0,3,1
32,0,80002.47167,9,2,41.1530793,0,2,1
44,0,99108.54545,11,0,57.90480528,0,3,1
61,0,120938.168,15,2,8.776602964,0,4,0
56,0,38271.88579,13,4,42.4887873,1,2,0
57,0,138251.4865,15,1,28.80798585,1,0,0
26,0,52560.82684,16,1,29.14584529,1,4,1
57,0,145451.998,6,3,25.40502932,0,1,0
67,1,98751.30243,19,2,42.20194031,0,5,1
66,0,85078.46425,1,0,4.869165286,0,4,0
36,0,111998.5215,15,1,51.67700861,0,0,1
18,0,101206.264,14,2,56.89069997,1,5,1
25,0,59608.28808,15,1,39.59900726,0,0,1
48,1,110029.2161,16,1,45.13823441,1,5,1
62,1,62288.36742,8,0,11.59976098,0,0,0
61,1,75731.26273,8,4,15.37467559,1,4,1
57,1,63103.41088,3,3,17.94723953,0,3,0
58,0,62665.05797,7,3,43.18221659,0,2,0
70,1,67880.23897,2,0,47.12201035,0,2,0
37,0,51457.02694,0,1,34.70864729,1,3,1
64,1,133283.8244,13,1,29.48843113,0,3,0
62,1,101074.3412,16,0,6.493322234,1,5,0
68,1,137935.354,4,2,40.66934962,0,3,0
37,0,102019.8327,18,2,26.84328598,0,5,1
25,1,137252.2256,7,1,31.01235309,1,5,1
48,1,26647.59959,18,0,1.903324611,0,4,0
33,1,109256.6888,4,4,48.75280312,0,5,1
61,0,88515.39031,7,4,38.2319142,0,5,1
55,1,103261.8855,10,3,42.43717379,0,0,0
45,0,71689.60921,19,4,23.58102229,1,3,0
36,1,100720.7138,9,1,22.32774184,0,5,1
34,1,95035.98528,14,4,7.820731026,0,3,1
63,1,136218.6623,4,1,13.56908387,0,0,0
50,1,22340.85223,13,4,26.30417897,1,0,0
39,1,103502.3184,19,4,47.4038371,0,5,1
22,0,132393.2692,6,1,44.1296106,0,5,1
53,1,37228.20746,14,2,52.88014334,0,2,0
19,1,46608.41418,12,0,31.68680946,0,3,1
39,1,136812.8786,3,3,12.52617869,0,5,0
64,1,39707.35972,13,2,17.19029154,1,0,0
66,1,69946.87269,10,4,30.7308685,1,4,1
26,1,107903.0831,7,2,20.97806252,0,1,0
27,0,33549.22437,8,1,30.11531989,1,1,1
52,1,56684.31971,15,1,54.36271588,0,4,1
46,1,35672.59413,0,1,25.49418489,0,0,0
26,1,128438.7976,3,4,7.071400212,0,1,0
19,0,30199.25612,10,2,55.99561689,0,0,0
55,1,67779.4749,20,1,35.96906793,0,1,0
21,1,28796.88705,14,2,59.7636253,0,5,1
53,1,135718.3479,3,2,43.738795,0,1,0
33,1,120972.3724,20,1,50.07175325,0,4,1
19,1,23144.92931,19,2,26.68227073,0,5,0
69,0,126312.0929,2,4,34.8324777,1,5,1
18,1,80939.83551,12,3,54.96697906,0,4,1
49,1,143685.0187,9,2,58.4286274,0,0,1
69,1,39168.82847,6,1,49.00291999,1,0,0
18,1,93461.09062,9,1,24.97797092,0,5,1
43,1,145381.965,13,2,24.57982212,0,3,0
25,0,143559.6922,11,4,31.58080462,1,0,1
57,0,147208.3109,5,3,41.69959788,0,1,0
59,1,129174.2971,2,4,12.34843543,0,2,0
26,1,110354.5798,9,0,43.22841966,0,2,1
57,1,132061.8827,19,1,31.33939366,1,0,1
18,0,42734.58683,12,0,56.13787449,0,0,0
38,1,138400.121,7,3,41.3162554,1,0,1
54,0,81267.33176,6,3,35.47935937,0,0,0
34,0,84570.40497,16,1,30.05170379,1,0,1
43,1,43981.91291,15,2,2.126852762,0,2,0
44,0,105839.3536,8,2,59.05192547,1,3,1
60,1,95087.13756,16,2,42.38045006,1,4,1
22,0,87622.086,2,1,24.94291344,0,2,0
24,0,135300.237,13,1,7.063326316,0,3,1
27,0,20191.59687,2,0,35.20851536,0,5,0
28,0,29500.60306,18,4,24.65204597,0,3,0
27,0,41017.28671,16,4,22.17325277,0,1,0
69,1,46524.6325,7,4,11.26369237,1,1,0
20,0,111709.9079,0,4,30.8405972,0,0,1
54,0,140650.8732,17,3,33.15395441,0,1,0
52,1,78466.17952,18,2,15.77007578,1,1,0
49,0,105342.219,19,4,27.68963879,0,3,0
65,0,129114.004,12,1,57.81452168,1,0,1
56,1,25612.58565,12,2,27.45244176,0,3,0
55,0,115749.5797,10,4,7.63077691,0,4,1
23,1,107940.8318,0,2,59.04036699,0,0,0
52,1,99401.40924,12,4,43.6603704,1,0,1
45,0,46322.47282,11,4,46.43125248,0,2,0
42,0,37093.58559,8,1,46.26947147,1,4,1
38,1,30519.5068,4,4,59.89379455,0,3,0
39,0,71367.01799,3,0,36.02526652,0,5,1
51,1,28885.91604,10,1,48.26867996,0,5,0
22,0,112695.9866,13,1,40.89328267,0,5,1
20,0,119588.4209,12,4,52.76127444,1,2,1
68,0,132488.4487,1,1,1.288183495,0,5,0
29,1,58153.54702,16,2,59.99110542,1,3,1
52,1,48869.86319,15,2,13.87811873,1,0,0
36,1,64278.54166,19,1,18.87376491,0,0,0
54,0,127471.9568,7,3,42.75743925,1,1,1
54,0,63075.11092,14,1,53.062142,0,4,1
39,1,92857.28203,18,1,17.40861789,0,5,1
38,0,62927.95843,19,0,8.907468765,0,5,1
53,0,124637.881,5,4,49.4342336,0,4,0
36,1,113965.8594,10,0,32.46519339,1,5,1
46,1,132847.3697,5,4,28.37602526,0,3,0
70,1,102196.68,16,1,6.833527217,1,3,1
35,0,115250.8766,13,1,22.01942548,1,0,1
47,0,47559.22711,17,3,15.20021379,0,5,0
69,0,32893.15295,15,1,56.19006464,0,0,0
52,1,78281.4772,6,1,47.98085529,1,0,1
61,0,78319.38202,0,2,13.02157367,0,1,0
39,0,57167.8826,3,2,26.42804,1,2,0
65,0,95397.89237,19,2,19.04779398,1,3,1
56,0,36321.52792,14,4,42.01206914,0,5,0
68,1,41547.47138,10,0,56.02574193,1,0,0
70,1,109222.5356,20,4,33.69707141,1,3,1
38,0,135492.4774,19,1,5.97788289,0,2,0
45,1,101410.4618,19,4,25.43375936,1,2,0
52,0,27302.89006,20,4,17.09483967,0,4,1
43,0,56404.85284,1,1,35.42214669,1,4,1
57,1,31518.05586,5,4,54.70278264,0,4,0
18,1,37124.74055,19,3,13.84717359,1,3,1
50,0,87926.32354,19,3,41.61309987,0,4,1
45,1,143075.3848,1,1,41.78680439,0,1,0
51,1,134071.1061,6,2,23.84381318,0,5,1
27,0,55132.19998,12,4,40.22426145,0,4,1
45,0,145586.1757,13,4,44.05646018,0,2,0
19,1,100768.0184,11,1,46.00802624,0,1,1
69,0,26738.65389,14,1,32.23404666,1,4,1
21,1,120794.9996,10,0,7.630770005,0,2,0
67,1,38456.35867,18,1,51.33737292,0,0,0
23,1,75968.814,11,3,31.02423006,0,1,1
32,0,124770.302,5,4,47.55667059,0,0,0
44,0,135525.6804,3,0,13.96124587,0,3,0
65,0,143121.7867,19,2,59.53241111,0,2,0
64,0,63577.04616,20,4,25.6551558,0,4,0
19,0,149523.4639,5,3,13.57903195,0,4,0
51,1,61286.28338,4,0,15.05435669,0,0,0
26,0,129928.5672,9,1,28.90644503,0,3,1
48,1,129069.6526,7,3,43.19306983,0,5,1
66,1,72194.26106,7,0,58.80840859,0,3,1
51,1,22848.73274,11,4,49.93630336,1,3,0
31,0,102692.486,0,0,40.28401883,0,5,1
20,1,22001.33592,7,1,23.36134416,0,4,1
55,1,95460.78813,20,3,48.54007118,0,5,1
61,1,79579.0834,5,2,3.452031048,1,4,0
54,0,50209.962,2,0,4.68630592,1,1,0
20,1,69051.34702,4,2,6.361715764,0,2,0
36,1,52616.09594,15,3,18.27595914,1,5,0
62,1,77920.41304,20,1,24.27851663,0,4,0
63,0,71874.59129,10,2,43.54624261,0,1,0
61,1,114703.788,14,0,14.35036271,0,4,0
69,1,98875.12421,4,0,2.24240923,0,5,1
22,0,112331.5638,13,1,54.26921338,1,1,1
68,1,103955.4056,7,0,11.15965129,1,1,0
64,0,91064.26862,7,0,5.520721718,1,5,1
27,0,52903.20009,3,0,8.815668287,0,3,0
20,0,83318.04945,2,4,16.05051254,1,0,0
38,1,27511.47293,4,0,9.241849984,0,4,0
47,0,85963.55203,5,0,37.04465686,1,0,0
50,0,29330.85481,7,2,45.47232392,0,2,0
59,0,115477.7112,18,2,49.05934751,0,4,1
70,1,124576.837,3,4,8.411321176,0,1,0
57,0,138251.4865,15,1,28.80798585,1,0,0
33,0,92992.99643,11,0,29.50494409,0,3,1
37,1,112875.1413,1,4,20.06846074,0,1,0
28,1,20496.58995,9,2,36.85345282,0,0,0
30,1,55849.78387,5,0,55.04016279,0,4,1
18,1,87934.95791,6,0,59.96860576,1,4,1
66,1,99768.53485,3,4,29.95780777,1,1,0
19,0,124905.5138,13,3,48.69311153,0,2,1
27,0,146299.2498,8,1,1.590614223,1,5,1
43,1,25514.89877,20,4,57.7695567,1,4,1
64,0,98493.40888,5,0,24.97869392,0,1,0
65,1,141786.9201,11,4,56.0812469,0,1,0
40,1,56238.78341,2,3,19.34941322,0,1,0
25,0,75390.83991,20,2,2.474060855,1,0,1
35,0,132680.1461,13,0,43.77094065,1,5,1
26,0,82665.33755,11,1,34.72905382,0,3,1
23,0,85899.65694,13,2,10.25811905,0,2,0
45,1,147010.9041,2,4,52.76703338,0,3,0
34,1,111921.242,11,3,3.926016985,0,3,1
54,1,120311.4984,9,0,51.22440887,1,2,1
36,1,130992.0398,16,3,50.00751012,0,1,1
67,1,119033.7649,12,0,41.72009317,0,2,0
21,1,38492.41793,15,0,30.1447698,1,2,1
64,0,35098.06483,7,4,12.47334763,0,5,0
23,1,21434.06438,18,3,52.30737101,0,2,0
54,1,66425.75071,3,4,40.20258877,0,0,0
64,1,74941.79561,2,3,49.63181117,1,2,0
50,0,137836.8689,9,2,54.02139439,0,1,0
62,0,76169.99478,12,3,10.73110758,0,4,0
32,1,143039.3467,12,2,36.2930625,0,2,1
66,0,130794.3037,16,3,23.61988395,1,4,1
19,0,149570.591,19,2,21.76385647,0,2,0
64,1,146645.2777,15,1,49.29700059,0,2,0
54,1,66425.75071,3,4,40.20258877,0,0,0
21,0,71115.37613,10,1,36.25917827,0,4,1
52,0,87393.04285,2,4,46.69975291,0,2,0
65,1,141786.9201,11,4,56.0812469,0,1,0
40,0,91234.73357,10,1,50.46557865,0,1,0
29,0,96782.91842,6,0,48.75622182,0,5,1
62,0,89021.89819,3,3,30.67958111,1,3,1
25,1,63184.83431,16,0,9.158707231,0,0,0
25,0,79539.44867,1,4,4.36859087,0,2,0
47,1,125446.0901,4,0,16.09647991,0,5,0
31,0,59425.76918,8,3,44.47276089,0,3,1
50,0,64894.45379,18,4,26.48319334,1,1,0
32,0,144744.9638,18,1,58.02697619,0,5,1
66,0,59379.04475,10,0,32.295029,0,1,0
41,1,27356.1353,15,4,39.25883994,1,4,1
56,0,29322.54555,16,4,44.93122158,0,2,0
46,0,142940.7591,12,4,22.60067396,1,3,1
40,1,61115.11946,11,1,3.121979617,0,3,0
49,1,138198.6268,19,0,58.12432161,0,1,0
21,0,119595.0713,14,0,44.35094687,1,4,1
64,0,103828.2385,12,4,53.00320961,1,2,1
58,0,115925.048,16,2,4.154064044,0,2,0
53,0,55997.58336,17,2,13.40132615,1,1,0
47,1,41550.69022,12,4,55.57880883,0,1,0
39,0,59512.52659,0,4,9.73552581,0,5,0
37,0,105404.1703,1,4,27.04873147,0,4,0
68,1,145254.9013,15,1,30.60740216,1,2,1
69,1,76790.59134,4,2,32.93305465,0,1,0
19,0,113383.0528,16,2,23.56658317,0,1,0
60,0,105455.9527,2,4,44.87254854,1,1,0
44,0,49607.46569,5,4,13.3344296,0,5,0
22,1,106640.1962,10,4,59.81165505,0,5,1
70,1,44197.66671,4,4,16.59368541,1,4,0
43,1,131584.418,15,4,28.29400789,0,2,0
63,1,92623.51154,13,3,55.13844108,1,1,1
42,0,71281.91621,9,4,5.567281567,0,0,0
40,1,58549.62557,8,4,21.69587976,1,0,0
45,1,124468.4596,11,4,2.849217463,0,3,0
36,1,60218.45332,1,0,15.368172,0,4,0
43,1,54787.04797,11,3,45.10326526,0,3,1
62,0,29221.1881,14,1,39.32303456,0,5,0
56,0,147878.2603,16,1,58.3948284,0,2,0
46,0,33178.47668,8,3,51.18018747,1,2,0
25,0,117289.9655,6,2,48.32997752,1,5,0
25,0,83421.02571,14,1,27.00360342,1,5,1
32,1,140405.2289,9,1,21.01500309,1,2,1
34,0,45300.92654,11,3,38.2809294,0,1,0
19,1,120604.3552,12,3,11.31815224,1,1,1
50,0,64894.45379,18,4,26.48319334,1,1,0
62,0,58974.06858,3,3,29.0085465,1,3,0
20,0,44443.2155,9,2,11.46373034,1,0,0
52,0,77639.40187,20,0,43.76243152,0,1,0
58,1,109475.6507,14,0,2.045117186,0,1,0
58,0,28497.60048,11,2,28.32876674,0,0,0
30,1,105378.2883,9,4,5.270974498,0,5,1
28,0,105716.0099,16,0,26.48737292,0,4,1
54,1,60542.30153,6,4,43.42214715,0,4,1
19,1,24590.47614,1,3,14.97105754,0,5,0
33,0,32750.7355,0,3,53.69371074,0,5,0
60,0,28149.65081,10,2,31.93458136,1,4,1
68,0,133531.9791,3,2,10.59111115,0,1,0
41,1,53632.51348,15,4,10.41833265,1,3,1
33,1,139349.9518,12,2,55.10752999,1,0,1
34,1,20418.37427,9,1,54.45995479,0,0,0
36,1,64278.54166,19,1,18.87376491,0,0,0
57,0,42634.21359,11,0,10.75978898,0,3,0
67,0,102703.0574,19,0,11.19264862,0,3,0
29,0,21574.10178,14,2,45.46949042,0,4,1
37,0,122360.3135,17,3,10.06736401,1,5,0
34,1,68252.41505,20,2,46.72982622,1,1,1
53,0,100904.6244,10,1,18.54620659,0,4,0
64,0,36992.34898,1,3,43.52278161,0,2,0
22,0,58834.32457,10,2,45.03876997,0,2,1
64,1,100546.4341,20,1,45.22318829,0,2,0
51,1,142554.1615,18,3,46.26307239,0,1,0
39,0,61452.68638,11,3,50.29687325,1,1,1
56,1,40079.76714,0,0,9.355417454,0,5,0
20,0,31607.63819,19,2,38.20280582,0,0,0
40,1,75588.17338,11,2,2.061299763,1,1,0
43,0,25706.99254,0,1,5.297872555,0,3,0
61,0,145556.8809,13,4,17.23503664,1,3,1
68,0,147528.3592,5,1,32.02044986,1,4,1
45,1,148444.6756,13,0,42.42724915,0,1,0
18,0,33697.43989,9,1,14.72362787,0,3,0
28,1,118670.6867,19,3,56.17435577,0,5,1
70,1,40803.24174,3,3,51.06778656,0,5,0
26,1,84856.43639,7,4,48.11057033,0,1,1
61,0,118307.7698,20,3,29.54714823,0,4,0
69,0,27519.77843,6,1,39.46021753,0,5,0
34,0,133648.9282,4,3,1.074816538,0,2,0
56,1,95714.94557,7,0,31.28236977,0,2,0
21,1,68691.87531,17,2,32.93102218,1,4,1
25,1,76266.08029,10,0,19.03961152,0,0,0
47,0,108350.6433,16,4,44.03551147,0,4,1
32,1,77122.64866,14,0,8.352288728,1,1,1
53,1,51290.05254,2,1,13.8798836,0,3,0
18,0,96386.16324,6,4,38.91504818,0,4,1
34,0,37397.68719,3,1,10.65686416,0,5,0
69,1,134136.6617,0,1,26.76871125,0,4,0
26,0,77709.52909,1,2,27.40662708,1,1,1
48,0,129003.9384,4,4,53.75674736,0,2,0
20,0,127256.4233,20,1,30.50200102,0,3,1
28,0,27494.18569,11,1,45.98422679,1,0,1
22,1,124870.1576,0,0,4.228136315,0,0,0
39,1,71019.56421,19,3,28.97202247,0,1,0
26,1,128438.7976,3,4,7.071400212,0,1,0
41,0,139958.4348,18,3,32.81227369,0,3,1
38,0,49299.56484,8,3,49.2495174,0,0,0
48,1,102674.1119,3,2,25.01752998,0,0,0
69,0,103425.4716,3,0,40.66728179,0,5,0
19,0,54950.95687,17,4,27.79865077,0,2,1
18,0,37122.95372,5,1,51.41284991,1,5,1
55,1,65884.60545,3,2,38.10351552,1,3,1
50,0,115876.0867,10,4,53.80951699,0,4,1
28,1,110430.359,6,1,42.82889176,0,4,1
64,0,72557.66714,15,3,55.60939754,1,4,1
63,0,76497.47491,17,0,59.6211122,0,1,0
44,1,90784.60468,15,0,46.44349717,0,5,1
23,1,68006.50013,18,0,40.55635325,0,4,1
63,0,23531.76476,8,0,49.00890597,0,2,0
39,1,22203.19644,3,0,37.35819831,0,4,0
68,1,137794.4303,4,0,41.77524633,0,3,0
22,0,69899.0548,19,1,3.786267713,1,0,1
20,1,119999.0092,12,0,12.60336671,0,3,1
26,1,144157.8665,18,0,7.185309085,0,1,0
18,0,46262.03689,19,0,32.6550109,0,5,1
58,0,62665.05797,7,3,43.18221659,0,2,0
27,0,56955.63208,3,1,50.36705148,0,0,0
50,0,46634.56564,13,1,9.218837984,0,2,0
64,1,59812.9707,12,0,20.70024582,0,0,0
37,0,84773.23869,2,4,8.540898817,0,2,0
42,0,96535.09788,13,1,56.91840534,0,4,1
53,1,83384.25518,17,1,29.7228645,0,5,0
39,1,67538.49727,19,1,26.84858741,0,3,1
18,1,54456.03568,13,4,4.271268907,1,2,1
62,0,122297.4402,12,0,20.01716464,0,3,0
26,0,103707.553,17,1,12.22344792,1,3,1
42,1,100218.6471,7,3,55.31706007,1,3,1
22,1,114814.8232,16,3,38.04396573,0,0,1
30,1,71294.88983,2,4,29.53775857,0,3,0
53,0,137989.4303,16,0,41.22534437,0,4,1
23,0,88561.95088,17,2,57.82255372,1,4,1
39,0,115006.7254,9,2,2.665496819,1,1,1
23,0,22485.09228,10,2,31.83985779,0,3,1
58,0,21580.38029,7,3,7.8087746,0,1,0
59,1,52058.47255,19,1,25.9394516,1,2,0
31,1,124452.7566,5,1,14.59330922,1,2,0
69,1,53488.93864,5,3,47.05379082,0,0,0
53,0,139699.6591,6,1,48.71878542,0,2,0
41,1,114440.023,12,3,6.637987134,1,3,1
25,1,126914.9086,15,2,56.51191447,0,2,1
50,0,149406.8771,13,4,12.50480751,1,4,1
58,1,20175.97134,5,1,31.68795602,1,1,0
41,1,30478.19679,2,2,36.26031395,0,3,0
65,1,102495.7143,16,0,1.848004155,1,0,0
51,0,144345.1818,20,3,15.94938453,1,3,1
48,1,112211.7077,2,0,45.11433033,1,0,0
69,0,84247.61814,9,4,48.33270157,1,2,1
30,1,116446.5225,12,4,49.26814593,1,2,1
50,1,88040.81848,17,4,2.455527318,0,5,0
44,1,75891.04006,19,0,12.24398674,1,5,1
41,0,61179.01802,11,4,40.37257913,0,5,1
68,0,99988.74326,7,2,45.98950823,0,5,1
52,1,142725.4722,15,1,12.36877459,1,5,1
49,1,87244.97734,13,0,24.02743729,1,3,1
35,1,132525.0289,4,3,59.51807576,0,3,1
20,0,97867.20606,6,4,7.608691071,0,3,1
41,1,77725.6874,1,2,52.22398147,0,3,0
40,1,122134.7104,11,4,37.69686662,1,0,1
49,1,70898.34076,12,4,25.71682421,0,4,0
70,1,30423.40183,16,4,1.233636638,1,5,0
19,1,132592.4324,20,3,25.8879603,1,5,1
23,0,142301.9877,6,4,48.59991041,0,5,1
41,1,65461.41987,0,1,50.12893103,1,0,0
35,0,89983.15262,11,1,38.5318864,0,2,0
22,1,58552.78859,16,2,23.86985289,0,2,0
56,0,61794.44116,20,2,53.10839012,0,2,0
19,0,49954.16608,20,2,6.822428438,0,2,0
28,1,66413.81472,8,1,14.41200219,1,0,1
68,0,74443.13148,8,4,8.388571512,0,4,0
48,1,139273.1596,8,0,6.339282355,0,5,0
19,1,100078.1085,11,0,54.84369659,1,0,1
28,0,28430.96728,4,0,15.3787845,0,3,0
26,0,21484.33785,9,3,19.58217165,1,5,1
32,1,48084.96373,16,0,49.19652708,1,2,1
31,0,102732.1781,5,3,34.37877954,0,3,1
63,0,124000.4526,10,1,1.576983438,0,3,0
40,0,49200.02954,1,4,6.12019429,0,2,0
58,1,103739.3988,10,3,20.24025734,1,4,1
38,1,57705.91916,5,1,50.67702816,0,4,1
65,0,28964.54213,10,2,18.16896398,1,0,0
56,1,65346.66942,1,1,42.76851403,0,3,0
27,0,33327.07533,5,3,22.43603175,0,5,0
42,1,120508.4436,20,4,27.33492019,0,3,0
59,1,110170.3475,12,0,26.14121989,0,2,0
31,1,143693.7923,9,1,5.325043269,0,4,0
62,0,79728.07989,0,1,31.25728638,1,2,0
68,1,128657.3706,15,0,35.7004787,0,3,1
23,0,80098.42293,16,3,18.66800571,1,5,1
25,1,43949.2291,14,4,51.73650214,1,4,1
52,0,112018.5626,11,4,48.2316302,1,3,1
47,1,58647.80274,6,0,47.64348561,0,5,0
49,0,33246.10311,14,1,3.376597097,1,1,1
36,0,127701.0089,10,1,53.35905975,0,1,1
68,1,137935.354,4,2,40.66934962,0,3,0
26,0,109980.9744,4,0,34.79287144,0,2,0
61,0,118307.7698,20,3,29.54714823,0,4,0
35,1,89415.77143,15,2,1.622546572,0,2,0
24,1,126755.7767,6,1,16.80862226,0,4,1
67,1,38456.35867,18,1,51.33737292,0,0,0
34,1,102767.0587,12,3,57.2822684,1,5,1
30,0,85709.16533,5,3,10.65337284,0,5,0
36,1,135712.6146,15,3,23.65287353,0,5,1
64,1,63629.35906,18,1,23.77985214,1,4,1
27,1,32549.48113,19,1,19.97044752,1,3,1
34,0,20679.84976,15,3,25.40865588,1,4,1
20,1,148048.6553,15,4,21.14669499,1,2,1
28,1,20496.58995,9,2,36.85345282,0,0,0
69,1,74463.21272,3,1,21.94094086,0,2,0
42,1,123123.9756,6,0,49.27058929,0,1,0
50,1,49158.15283,13,3,32.5893868,0,2,0
69,0,32088.78318,14,1,9.473661306,0,1,0
59,0,51043.50748,12,1,40.66854779,1,0,1
65,0,73442.42834,13,1,55.86620005,0,3,1
29,0,111152.082,10,3,7.327563176,1,2,1
46,0,94330.40577,6,4,45.63581087,1,5,1
62,0,97786.47296,9,2,27.76079577,0,1,0
38,1,94558.76369,19,1,43.90883976,0,0,1
47,0,78545.62726,7,3,5.656861447,1,5,1
23,0,51446.12823,1,1,9.836850769,1,0,0
37,0,122519.9454,5,3,21.34141625,0,5,0
52,0,25838.46887,9,4,2.019994641,1,0,0
50,0,100181.869,0,1,24.70699406,0,3,1
48,0,35383.70482,10,1,53.03655775,0,3,0
51,1,85676.88056,7,2,8.047484154,0,5,0
66,1,77089.47616,3,4,51.09358179,1,2,0
33,1,33246.01045,13,4,39.84557613,0,1,0
69,0,83842.44482,15,1,28.34953366,1,5,0
50,0,84002.3124,2,2,44.23976972,0,2,0
22,0,123245.6531,14,3,2.093342782,0,4,1
30,0,58066.86477,5,0,20.80526164,0,2,0
50,0,136032.5696,3,1,36.50775457,0,1,0
65,1,124661.7414,11,1,14.46178891,0,3,0
61,1,39763.23091,5,0,19.10893331,1,3,0
70,0,119425.2741,4,3,45.35588065,0,5,0
47,1,61817.09866,12,4,8.696633187,1,4,1
38,1,41703.90154,9,3,57.6272434,0,4,1
59,0,69454.60098,14,4,57.93078749,0,0,0
59,0,24682.44638,4,3,45.10823056,0,2,0
41,1,102836.192,6,2,2.130905364,1,5,1
24,1,69282.22633,16,4,10.99592172,0,2,0
45,0,122766.2733,16,1,38.29522328,0,5,1
50,1,24369.76802,3,3,56.15868975,0,5,0
43,1,68865.47707,14,2,37.56512342,1,3,1
60,0,111906.9434,15,4,9.568276175,0,0,0
51,0,49383.76972,1,0,29.71831185,1,1,0
64,1,116317.5273,8,3,50.62533123,1,3,1
31,1,34265.70583,7,1,16.36378342,0,3,0
55,0,74153.5577,12,1,7.286523586,0,5,0
64,1,55242.51299,0,2,56.05158153,0,5,1
32,0,87474.19642,13,4,26.82113186,0,5,1
45,0,112826.854,3,3,24.12788459,0,0,0
26,0,75855.38566,2,0,16.88219463,1,2,0
22,0,121637.1022,2,3,7.814846103,0,5,0
64,0,22512.59202,3,3,58.51142076,0,3,0
69,1,74463.21272,3,1,21.94094086,0,2,0
52,0,80332.37073,4,1,52.55388673,1,5,1
20,0,83318.04945,2,4,16.05051254,1,0,0
61,0,44075.42382,18,0,55.75283997,0,0,0
54,1,105362.0396,11,3,9.427908548,0,1,0
64,1,84680.18078,2,2,34.02794761,0,1,0
65,1,67090.60741,12,1,41.69768359,0,1,0
23,0,107292.2893,10,4,32.34086176,0,0,1
18,0,47643.76893,15,0,7.269688383,1,5,1
19,0,137376.3494,12,4,7.494351851,0,3,1
20,1,122036.607,17,4,38.46085408,0,3,1
36,0,49670.59725,19,4,35.82007565,0,2,0
45,1,145322.2629,16,3,34.37060814,0,0,0
20,1,134117.9102,10,3,31.69368567,0,4,1
41,1,64051.88441,18,0,16.15297223,1,0,0
46,1,108414.5451,8,3,18.2583862,1,0,1
34,1,134420.3759,15,3,19.72005004,0,3,1
41,0,28476.59686,2,2,13.80909054,0,5,0
36,0,68244.682,19,2,1.555771502,1,3,1
24,1,76888.40613,15,2,39.96290689,0,0,1
51,0,34832.45204,14,2,29.29788071,0,0,0
22,1,104911.1628,6,0,27.39368239,0,3,1
55,1,127216.6209,16,1,47.92198309,1,1,0
53,0,20715.75389,11,1,23.98144553,1,5,0
24,0,98139.64168,11,2,37.69426729,0,5,1
69,0,126181.3306,1,2,4.216201505,0,0,0
62,0,25060.89523,13,3,26.59939486,0,3,0
18,1,128120.6157,10,3,31.98407975,0,0,1
50,1,39521.97011,6,0,13.84600508,0,2,0
32,1,144193.5092,18,0,36.53312184,0,3,1
60,1,122703.9567,20,4,36.57068007,0,4,1
45,1,120618.8792,12,1,17.93222117,1,5,1
26,0,21175.00098,12,1,15.42788614,0,5,0
47,1,54762.26362,9,3,53.36497256,1,4,1
57,1,54355.91421,12,2,45.67415806,0,4,0
27,0,33327.07533,5,3,22.43603175,0,5,0
49,0,57601.82036,7,3,19.67082002,0,5,0
55,1,76809.46514,3,4,31.50337071,0,0,0
54,0,122568.0708,2,1,51.94985138,1,1,0
52,0,28664.76527,16,3,47.54669441,0,5,0
57,1,31518.05586,5,4,54.70278264,0,4,0
49,1,70898.34076,12,4,25.71682421,0,4,0
58,1,81820.98487,14,2,55.25845957,0,0,0
41,1,27551.95377,14,4,7.884658076,0,2,0
57,1,50546.54265,12,3,26.2229459,0,5,0
48,0,61203.05641,13,1,24.81392782,0,3,0
29,0,139539.0332,11,0,34.92915473,0,4,1
54,1,47391.6453,15,1,53.26940475,1,4,1
18,0,147548.6851,6,0,52.66998979,0,5,1
60,1,131349.8391,12,1,36.54402548,1,3,1
54,0,93452.85907,2,2,17.01442099,0,2,0
21,0,84513.63787,14,0,38.1196632,0,5,1
56,0,60865.51471,2,0,42.10853408,0,4,0
66,1,90659.96825,7,2,50.89288341,0,5,1
35,1,53775.71714,18,0,24.39884389,0,3,1
64,1,121448.8961,18,3,36.72122463,1,4,1
54,1,117167.7729,3,2,19.03642601,1,4,0
27,1,55283.21946,10,2,16.84179012,0,0,0
24,0,101106.4587,16,1,16.0012905,1,0,1
64,0,64250.32355,12,0,19.60956708,0,5,0
66,0,124009.2259,7,4,52.24461702,0,0,0
18,1,95046.2738,5,0,30.99297377,1,2,1
47,0,95178.79192,19,0,27.92839294,0,5,0
20,0,129291.3936,11,2,56.48933471,0,0,1
31,0,35780.23436,20,1,14.16209374,1,0,0
44,1,146500.1612,13,0,16.0250395,1,2,0
63,0,124000.4526,10,1,1.576983438,0,3,0
60,1,99682.14572,19,3,22.58805862,0,5,0
36,1,20567.22505,13,3,28.83022725,0,0,0
42,1,141860.4486,15,4,49.20931885,0,1,0
55,0,45752.69226,3,2,43.17900785,0,1,0
19,0,106658.0623,19,4,1.230932238,1,5,1
22,1,25463.20777,2,3,43.64335188,1,4,1
61,1,118945.7998,4,0,19.62754666,0,0,0
47,0,85081.15485,7,3,18.00170685,0,0,0
65,0,56305.8915,11,2,36.66987251,0,4,1
23,1,45458.30094,3,3,33.41025555,0,3,0
41,0,84539.94981,15,0,2.721023645,0,3,0
45,0,31022.96209,16,2,55.34748893,0,2,0
39,1,53820.51283,8,3,23.54117907,0,2,0
29,1,110297.4055,19,1,20.52852491,1,3,1
21,0,58640.915,17,0,3.24490152,1,5,1
61,1,47194.1105,3,3,47.7688618,1,2,0
70,1,67880.23897,2,0,47.12201035,0,2,0
54,1,96629.01863,10,0,42.63978401,0,3,1
47,0,47559.22711,17,3,15.20021379,0,5,0
64,0,38477.82609,17,3,6.394149863,1,1,0
42,0,74528.23921,19,4,4.805544763,1,1,0
48,0,61203.05641,13,1,24.81392782,0,3,0
25,0,45905.14374,20,4,41.71152361,0,1,0
61,1,33701.11835,6,0,27.85232963,0,2,0
63,1,130496.7983,1,0,7.114566862,1,4,0
32,1,88855.76411,9,3,31.74924977,0,5,1
56,0,24773.77713,7,2,22.24587822,0,4,0
49,1,98244.60665,14,4,31.37226986,1,5,1
41,1,112640.7733,5,3,6.886049904,1,1,0
33,1,92502.14741,8,3,40.64916597,1,0,1
21,1,123108.5736,11,3,3.456997318,0,1,0
38,1,129766.4208,14,1,41.52954467,0,4,1
35,0,106630.1038,8,4,54.55729721,1,1,1
53,0,143788.8321,0,3,8.341618269,0,1,0
49,1,74308.92731,13,1,56.13079279,1,5,1
19,0,120829.5406,20,4,17.13897971,0,0,0
52,1,144359.9007,9,4,8.709685194,0,5,0
55,0,25686.0794,15,2,23.92922579,0,3,0
22,0,69652.15315,2,4,13.13166777,0,1,0
43,1,119783.7917,10,1,31.62227992,0,5,1
22,1,117323.8804,18,4,42.6531307,1,1,1
68,1,117945.6299,13,1,47.27993427,0,2,0
59,0,138961.7089,13,3,21.15879986,1,1,0
46,1,31968.70819,16,0,15.33377634,1,1,1
53,1,147921.7112,10,3,22.23955271,0,0,0
37,0,48326.03205,14,1,40.65109989,1,3,1
62,0,122297.4402,12,0,20.01716464,0,3,0
70,1,34883.39295,18,1,23.37772011,0,0,0
67,1,136028.0277,20,2,11.23036791,1,4,1
30,0,51183.63466,17,1,27.74278018,1,0,1
45,0,71367.90662,9,4,27.40251462,0,3,0
70,1,52791.33262,1,1,11.82199497,1,3,0
46,1,71476.16145,18,1,36.36215664,1,3,1
66,1,40038.85561,4,1,52.41782396,0,1,0
46,1,118054.4465,6,1,1.242265971,0,2,0
21,0,59545.83355,10,1,12.08763151,0,0,0
55,0,70438.27879,14,1,36.46437888,1,5,1
31,0,96846.93942,15,4,37.033175,0,1,1
39,0,141979.6264,3,3,13.41712066,0,1,0
49,1,138198.6268,19,0,58.12432161,0,1,0
49,0,34043.34804,9,3,6.299505636,0,2,0
58,0,134850.4192,12,0,33.3780117,0,3,1
31,1,47872.84279,5,3,40.87766475,1,2,1
47,1,145165.3464,2,0,12.15015394,0,0,0
25,1,96745.19976,5,1,37.82269178,0,0,0
45,1,46170.57402,9,2,27.36023691,0,0,0
41,1,112003.7755,18,0,12.183775,1,3,1
42,1,68609.73611,12,3,23.39636203,1,5,1
20,1,123037.3651,10,3,48.13796516,0,2,1
41,1,64051.88441,18,0,16.15297223,1,0,0
32,1,43609.81581,12,4,40.32502408,1,5,1
61,1,83180.06419,8,3,20.33708633,1,3,1
66,0,69966.15501,7,1,14.80144643,0,3,0
65,0,124199.8245,14,3,59.69172232,0,5,1
62,1,86645.11791,6,2,58.72151765,1,1,1
36,0,27738.21105,1,0,22.33483179,0,0,0
28,1,91055.02846,20,2,47.96194029,1,3,1
42,0,74762.24693,15,3,21.37060857,0,2,0
25,1,141280.2321,0,4,18.04152545,0,1,0
22,1,69467.30228,20,2,22.84729092,1,0,1
68,0,52087.103,2,0,59.01984601,0,3,0
66,1,141127.9835,0,1,1.128864429,0,3,0
28,0,143620.7173,0,4,25.58152621,0,3,0
25,0,99811.36602,4,2,13.3851647,0,4,0
54,0,86646.80437,10,0,12.74166637,0,2,0
39,0,143600.452,19,1,5.721077916,1,5,1
43,0,144286.1287,5,4,38.39149114,0,4,0
56,1,69481.02815,17,0,11.06546635,0,0,0
65,0,140429.7389,18,2,39.959814,0,4,1
24,1,146187.9509,13,4,39.59057562,1,1,0
18,1,111861.8831,5,2,31.02756508,1,3,0
56,1,108429.6113,20,2,29.53090056,0,1,0
62,0,83471.34781,0,4,41.6756109,0,4,0
68,0,124514.606,5,3,38.16247161,0,4,0
37,1,111293.6396,18,0,31.78099628,0,4,1
67,0,40127.71964,16,4,51.17533977,0,5,1
24,1,82795.16068,13,0,35.98597936,1,3,1
34,0,21573.40518,0,4,16.76275049,1,5,0
26,1,98453.39666,7,2,37.05734987,0,0,1
46,1,34428.631,12,1,11.88167624,1,1,0
38,1,23355.5479,12,3,51.64149548,0,5,1
18,1,111861.8831,5,2,31.02756508,1,3,0
34,1,146881.797,2,3,11.45568836,0,4,0
66,0,127577.4599,14,4,26.18063196,0,5,0
47,1,145909.8531,14,2,18.13172454,0,3,1
33,1,53713.53665,10,3,8.416648484,0,1,0
30,0,108025.6832,0,0,59.56490736,1,4,1
65,1,28899.63351,1,0,1.171791352,0,1,0
62,1,87062.04735,7,0,21.12781022,0,3,0
40,1,127575.8216,2,0,35.5506459,0,0,0
28,0,64992.96445,17,1,21.51916178,0,1,0
30,1,131433.3034,1,4,8.40934406,0,0,0
43,0,76162.46059,10,1,39.71456314,0,1,1
19,1,140799.647,17,1,41.42688577,0,5,1
40,1,72373.52674,9,2,30.45102016,1,0,1
42,1,35733.25006,10,4,5.153916382,1,0,0
24,1,46036.66232,11,1,42.32683706,0,1,0
63,0,79701.18409,7,2,44.77932466,0,4,1
39,1,55921.4841,17,4,33.41628813,1,0,0
19,1,52289.86914,4,3,35.85813662,1,4,0
27,1,149716.7112,16,3,48.04287153,0,3,1
30,0,147553.1188,7,3,41.22176617,0,2,1
57,0,131153.9262,20,3,31.1690063,1,1,1
63,1,144383.976,20,4,52.21003188,1,0,1
66,0,73432.73978,10,4,47.54776231,0,4,1
42,0,48710.86179,13,4,53.0501385,0,0,0
33,1,124648.57,4,4,22.28757237,1,3,1
51,0,98454.10249,4,0,22.03992586,0,2,0
28,1,98382.57394,16,4,41.41535911,0,0,1
27,0,87789.75303,11,3,17.74881271,0,1,0
70,1,77257.37554,7,3,25.86915977,0,5,0
30,0,87268.02573,12,3,6.619687104,0,4,1
60,0,127807.2839,17,0,44.68231952,0,4,1
39,0,134650.6086,3,3,40.48668195,1,5,1
18,1,138891.3263,15,2,21.5769136,1,4,1
23,1,45458.30094,3,3,33.41025555,0,3,0
37,1,72468.13031,2,2,10.37656124,0,4,1
66,1,46693.28203,14,3,19.03326131,0,3,1
56,1,72387.42324,16,2,5.422642565,0,2,0
22,0,34919.95334,15,0,25.00700745,0,3,0
65,0,124343.6303,16,2,21.75148657,0,5,0
26,0,138229.0994,12,4,54.45512519,0,1,1
53,0,108115.716,11,3,18.38159664,1,4,1
49,0,21612.52472,3,0,8.506268329,0,3,0
61,1,90303.18815,7,1,57.68893561,0,3,1
20,0,143199.4434,14,4,39.75209863,0,4,1
60,0,56120.86089,12,2,52.79299135,0,0,0
47,0,142815.7136,3,3,25.44529383,1,2,1
67,1,97696.87675,11,2,52.36961662,0,5,1
70,1,59690.38797,2,0,46.61689381,0,4,0
68,1,60677.96125,0,2,58.16910386,1,4,1
61,0,71826.19361,11,2,6.724074876,0,5,0
18,0,59728.54801,14,0,44.32665208,1,1,1
46,1,133864.8009,14,2,24.60174852,1,1,0
19,0,145726.46,10,0,37.71587577,0,0,1
22,1,99634.55088,17,0,14.04322162,0,5,1
49,0,145634.2602,7,4,7.207953759,0,4,0
45,1,79870.13465,8,4,28.55405412,0,4,0
22,1,26497.27373,6,0,17.46950386,0,2,0
67,1,21081.59249,3,1,48.48513622,0,4,1
41,1,27551.95377,14,4,7.884658076,0,2,0
29,1,26264.18161,10,0,14.00583521,1,1,0
70,0,29828.65528,14,3,44.85437404,0,3,0
65,1,81396.63454,20,0,45.26603794,0,2,0
37,0,105301.0389,3,1,53.33552192,0,2,0
29,1,128078.5569,12,0,42.26369972,0,4,1
58,0,64879.00856,17,4,57.34872804,0,4,1
56,1,24884.24175,14,3,34.2927266,1,1,0
52,1,119368.4461,6,2,54.46211463,0,4,1
35,1,66515.83093,5,4,16.42244168,0,0,0
20,1,99727.91904,1,1,49.42957397,0,1,1
50,0,74383.40233,13,1,52.09536825,0,2,0
54,1,30322.856,10,1,5.665485238,1,4,0
46,0,68222.33106,4,1,48.64463907,1,5,1
35,0,51093.41355,11,3,59.00081728,1,3,1
64,0,23067.3454,4,0,47.13402221,0,0,0
44,0,36622.68416,11,0,25.20727537,0,1,0
23,0,126812.7967,15,1,17.17567822,0,1,0
34,0,30624.29495,19,3,38.48063425,0,5,1
45,1,23275.14381,19,4,12.83729332,1,3,0
54,1,25129.73928,20,2,57.34635226,0,3,0
26,0,107451.3892,19,1,39.90208585,1,1,1
28,0,39105.15225,10,1,36.97165461,0,4,1
21,0,81251.82686,11,4,6.701794466,0,2,0
36,1,44907.08295,19,0,47.6084955,0,1,0
69,0,32088.78318,14,1,9.473661306,0,1,0
31,1,38101.89825,19,4,27.93402247,0,5,0
41,1,30478.19679,2,2,36.26031395,0,3,0
54,0,67832.29767,17,3,59.32093858,0,1,0
69,0,126181.3306,1,2,4.216201505,0,0,0
51,1,125070.5773,7,1,15.89170118,0,3,0
27,0,65252.42711,19,2,56.72335759,1,5,1
41,1,49727.98135,14,2,30.39372445,1,2,0
57,0,115636.2049,7,4,2.699269652,0,5,0
43,0,129388.1819,14,0,32.22677944,1,3,1
55,1,86155.77223,15,4,7.259414997,0,4,0
32,1,105104.5893,6,1,36.33410259,1,0,1
37,0,74954.7228,15,3,3.911624258,0,0,0
64,0,92958.96248,19,3,31.04031997,0,3,1
69,0,21638.9776,4,2,18.51684478,1,2,0
21,0,144531.4357,19,0,35.54811632,1,4,1
40,0,145714.5858,15,4,17.8098819,0,3,0
68,0,85400.9136,5,4,27.49592017,0,5,0
46,1,104305.6266,8,4,28.62037457,1,4,1
50,0,53620.70854,7,4,54.04241498,1,5,1
34,1,46489.63969,19,4,58.98874695,1,4,1
22,0,82842.96668,2,3,43.36800254,0,3,1
56,1,115299.2685,1,1,35.19620692,1,5,1
60,0,84072.39598,4,4,23.19753332,0,2,0
50,0,51462.8704,11,0,40.01965825,0,0,0
66,1,48478.94518,10,1,1.92605843,0,3,0
70,1,106116.4215,1,0,53.32361327,1,5,1
46,0,95978.35827,20,3,16.30458459,0,0,1
41,1,108740.2388,8,1,37.69854214,0,0,0
50,0,144881.5068,10,4,36.84083348,1,5,1
23,0,129674.4563,14,3,39.13554162,0,4,1
49,1,21213.11058,11,0,18.67382286,0,3,0
58,1,99027.67783,18,0,41.85832675,0,0,0
53,0,99329.26943,3,2,54.79194305,1,0,0
67,1,110466.8854,17,0,43.10866926,0,1,0
33,0,60815.67326,9,3,19.5592849,0,3,1
45,1,81989.65088,14,0,2.391926099,0,5,0
40,1,110343.6416,20,2,25.0658603,1,4,1
62,1,79704.47563,16,4,19.88334689,0,2,0
50,1,145159.8855,14,1,21.3937592,1,0,0
52,0,57492.70692,4,1,5.526680568,1,2,0
34,0,109403.8655,11,3,25.41024096,1,3,1
68,0,147396.1428,11,4,34.90034966,0,2,0
59,1,102717.876,9,0,21.62184527,0,5,0
31,0,128612.4293,12,3,33.43610852,0,2,1
23,1,82526.47569,5,1,43.9211476,0,0,0
66,0,92049.44684,14,0,5.530945373,0,4,0
44,0,68075.72328,9,0,33.97824118,1,2,1
45,0,78197.5453,20,2,25.11588201,1,1,0
31,0,76895.97266,10,3,16.57455566,0,1,0
36,1,74837.66321,18,2,19.61765499,0,3,1
50,0,49396.29306,14,4,59.89350821,1,5,1
42,0,25934.33692,10,0,22.7940787,1,4,0
66,0,43317.40866,3,2,51.85063379,0,3,0
46,1,123247.3861,16,4,4.546404809,0,0,0
63,1,52441.00598,1,4,37.50607196,0,3,0
55,1,78034.53713,4,0,21.1159203,1,1,0
32,0,60272.4217,18,3,7.270432183,1,3,1
68,0,111480.9714,15,3,19.0775291,1,5,1
24,1,149332.6212,8,2,1.703160996,0,0,0
57,1,117678.7612,10,0,30.93599614,0,4,1
69,0,32893.15295,15,1,56.19006464,0,0,0
24,0,141252.3661,8,4,19.27426169,1,3,1
60,1,76259.69435,4,1,5.111751107,0,3,0
40,0,91234.73357,10,1,50.46557865,0,1,0
35,1,104039.6364,1,3,16.24516622,1,5,1
28,1,79064.905,11,4,51.91487874,1,1,0
66,1,48478.94518,10,1,1.92605843,0,3,0
20,0,68326.10834,19,2,13.5243734,0,2,0
34,0,91825.12576,15,4,22.22757539,1,1,1
57,1,76759.84467,3,1,11.27842983,0,2,0
20,0,82785.95337,14,2,5.089158609,0,4,1
32,1,25453.65905,15,3,28.67452492,0,1,0
41,1,65461.41987,0,1,50.12893103,1,0,0
68,0,147396.1428,11,4,34.90034966,0,2,0
42,0,54021.73889,18,3,1.044114794,1,2,0
44,0,49607.46569,5,4,13.3344296,0,5,0
21,1,123108.5736,11,3,3.456997318,0,1,0
41,0,27063.16453,8,0,4.88209485,0,0,0
40,0,114116.4972,7,3,30.5171406,1,5,1
52,0,105978.1794,8,0,54.78634191,0,4,1
44,0,120702.3915,7,2,41.35453266,0,3,1
34,1,57148.5822,20,2,54.29682438,0,4,1
65,1,87154.4417,7,0,7.498394692,0,3,0
63,1,147568.6218,18,2,51.45475535,0,4,1
51,0,49533.34241,8,3,55.1485865,0,5,0
69,1,63486.46754,16,2,56.78419677,1,3,1
29,1,144164.9769,8,0,9.496190211,1,2,1
38,0,21860.9861,0,4,20.84439788,0,4,0
23,1,90490.83671,8,0,15.12060491,1,1,1
28,0,59880.95794,6,1,51.67165342,1,3,1
67,0,33135.95543,14,1,30.56137398,0,4,0
66,0,33767.75457,3,3,54.26692912,0,0,1
33,1,129552.5473,16,0,17.48136626,0,5,1
45,0,83010.51733,2,3,13.20106289,1,0,0
37,1,37352.39641,10,3,35.11488449,0,5,1
35,0,97769.28823,1,2,37.97946065,1,2,1
47,0,63974.77578,12,0,50.56111108,0,5,1
69,1,95685.83706,8,0,57.73515275,0,4,1
29,1,51136.32209,16,1,35.69943786,0,0,1
43,1,46739.34409,10,3,37.20730808,1,1,0
42,1,103574.6483,5,2,32.13796185,1,3,1
37,1,112875.1413,1,4,20.06846074,0,1,0
26,0,123071.0745,11,0,16.2089308,0,5,1
52,1,133580.8172,15,4,44.02344596,1,2,1
26,1,53107.18087,14,1,48.74249342,1,3,1
47,1,49291.20089,13,4,1.287236052,0,4,0
29,1,26264.18161,10,0,14.00583521,1,1,0
67,1,102433.5241,8,2,34.42457177,1,5,1
42,1,45381.27838,3,0,51.44962477,0,3,0
42,0,25934.33692,10,0,22.7940787,1,4,0
46,1,52107.24388,10,0,36.0540471,0,5,1
49,0,66513.77449,0,0,46.02585341,0,2,0
22,0,121637.1022,2,3,7.814846103,0,5,0
19,1,42729.02154,0,4,35.71357566,0,3,0
58,1,99027.67783,18,0,41.85832675,0,0,0
41,0,129313.3053,12,3,40.69706971,0,1,0
52,0,129451.3637,13,0,23.59127783,0,5,0
51,0,28119.48717,13,3,26.98207916,0,1,0
37,0,45600.34158,0,3,31.86632205,0,0,0
44,0,65435.82837,17,2,18.07674571,0,1,0
38,0,87431.12927,0,4,43.59700567,1,2,1
25,0,122206.7348,10,2,52.49698382,0,5,1
66,0,119516.6769,9,3,42.36750898,0,5,1
57,1,31518.61282,7,3,5.45646288,0,1,0
66,1,117622.1738,10,0,11.15795262,0,4,0
62,0,105931.8531,14,2,48.20900626,0,3,1
29,1,122498.1546,12,2,18.13135124,0,5,1
49,0,83391.61526,15,3,37.45413261,0,0,0
40,1,98921.64523,15,4,30.81586643,1,1,1
50,1,95764.88856,12,0,52.92912924,0,5,1
62,0,79728.07989,0,1,31.25728638,1,2,0
46,1,133864.8009,14,2,24.60174852,1,1,0
69,0,56721.41543,16,1,56.53166695,1,2,1
63,0,85623.42778,18,0,11.65756518,0,1,0
46,0,148031.5924,19,2,32.5927639,0,4,1
61,1,85342.06154,9,1,28.59717185,0,3,0
54,1,28273.31821,14,3,38.66265384,1,4,1
40,0,49200.02954,1,4,6.12019429,0,2,0
54,1,117167.7729,3,2,19.03642601,1,4,0
30,1,132019.8175,19,3,19.28207332,1,4,1
61,1,126478.2568,9,1,37.35479495,0,4,1
32,0,61031.55469,11,4,17.70992594,0,3,1
52,1,135258.548,4,1,31.32737882,0,1,0
55,1,100546.6139,6,4,9.126311834,1,3,1
30,0,47756.47762,4,0,6.802350374,0,4,0
56,0,68381.7131,12,4,14.97411877,0,5,0
38,0,89214.6887,5,2,9.816739253,0,3,0
46,0,55076.69362,5,4,45.41800103,1,1,0
64,1,62207.8705,2,0,41.93792655,0,0,0
50,1,44510.27875,17,1,20.21643048,0,5,1
68,1,131240.4922,7,3,19.49516423,1,2,0
52,0,104713.1689,15,4,33.68422704,0,2,0
68,0,28970.98704,13,1,36.60084852,1,2,0
51,0,89590.31709,8,1,7.459967381,1,4,1
53,1,59381.01773,4,4,34.32564477,1,3,1
21,0,28144.91645,16,2,38.58806744,0,3,1
27,1,101233.6329,9,0,50.25906627,1,2,1
41,1,81882.35682,7,2,45.7950998,0,2,0
56,0,123728.8408,9,1,3.921245152,1,1,0
45,0,149200.2906,7,3,59.96084052,0,1,0
19,0,34496.5876,13,1,39.70407992,1,2,1
64,1,90031.23373,4,4,9.723293834,0,4,0
45,0,130580.0875,17,1,6.926995431,1,2,0
47,0,52630.17982,13,0,11.49490793,1,5,1
66,1,77089.47616,3,4,51.09358179,1,2,0
49,0,70394.34471,15,3,32.68792388,1,5,1
70,1,144468.2425,11,4,46.72077987,0,2,0
40,1,59617.6424,2,0,16.78409478,1,2,0
57,1,103279.9739,1,1,2.466711439,0,2,0
45,1,33736.40895,15,4,58.88164687,0,1,0
38,1,111330.2652,15,4,22.20841269,1,2,1
49,1,94366.32364,6,3,6.955555908,1,1,0
50,1,39355.44654,5,4,4.643980791,1,3,0
47,1,58009.80435,1,4,8.994176617,0,4,0
53,1,135718.3479,3,2,43.738795,0,1,0
21,1,115255.3517,17,4,42.8385043,0,0,0
62,0,147857.7915,5,0,20.08312845,1,4,0
27,1,58355.292,11,2,17.94272114,1,2,1
53,1,90593.19591,16,1,19.36048953,1,2,0
69,1,96162.4225,17,3,33.27671646,0,3,1
34,1,145323.7501,2,4,51.06045039,0,3,1
38,0,38203.13268,1,4,10.41285744,1,0,0
30,0,22281.80724,12,2,46.37735687,1,3,1
44,0,131015.0557,17,1,34.1248643,1,4,1
22,0,69652.15315,2,4,13.13166777,0,1,0
60,0,105455.9527,2,4,44.87254854,1,1,0
22,0,141716.4808,17,2,41.60491625,1,1,1
57,0,55629.30661,8,1,30.94303657,1,3,1
64,1,74145.57615,15,1,58.77653419,1,5,1
18,1,54909.38829,18,4,32.72332778,0,4,1
31,1,82515.71906,1,0,35.88676779,1,1,1
36,0,87788.37314,14,1,37.3962006,0,1,1
69,1,74931.29568,20,0,17.8793054,0,0,0
60,1,87787.93958,7,0,37.61285397,1,5,1
50,1,24024.25282,11,2,22.4090832,0,5,0
18,0,67898.35959,2,0,51.94237086,0,1,0
46,1,59820.75484,18,2,4.000351995,0,3,0
25,1,136978.3349,10,2,11.71625389,0,4,1
70,0,131563.0169,5,3,1.939295769,0,2,0
45,0,72980.59403,3,1,23.34177839,0,3,0
20,0,73251.75634,19,3,57.90149859,1,5,1
68,0,28970.98704,13,1,36.60084852,1,2,0
29,0,77530.91693,10,1,56.03350551,0,3,0
66,1,56488.81802,13,3,30.95737696,0,3,1
54,0,121892.932,10,1,48.52426672,0,3,1
69,0,116017.6696,9,4,1.094470065,0,2,0
60,0,111906.9434,15,4,9.568276175,0,0,0
24,1,76365.76304,4,3,22.77026915,1,3,1
61,0,58943.53813,12,2,37.72017996,1,1,1
35,0,137813.0955,13,1,43.43873593,0,5,1
47,0,123287.0208,6,0,36.63130618,0,0,0
66,0,114751.9875,17,3,10.08383108,0,4,0
51,0,49383.76972,1,0,29.71831185,1,1,0
70,0,89340.26174,7,2,38.13599896,0,3,1
57,1,127579.9264,16,2,41.34350385,1,3,1
48,1,90290.80196,20,4,44.35079804,0,5,1
20,0,106292.6592,17,3,3.997352792,0,4,1
29,1,21521.8594,3,0,33.85348299,0,2,0
58,1,82930.01906,14,2,12.85175363,0,4,0
52,0,46177.29168,7,1,38.35202246,0,4,0
70,0,106972.9039,4,3,42.44191659,1,2,0
33,0,142424.3425,3,1,23.64257502,0,0,0
57,1,40445.51706,10,3,56.26301697,0,2,0
50,0,92885.81227,0,4,4.727802715,0,2,0
18,0,99007.77589,10,1,16.26359915,0,3,1
40,1,76472.43147,6,1,53.88061158,0,4,0
67,1,110466.8854,17,0,43.10866926,0,1,0
23,1,81595.27769,8,0,31.94553388,1,1,1
41,1,28095.50376,10,2,25.06833128,0,0,0
22,1,59164.4839,12,1,30.11907592,0,3,1
19,0,21019.4068,20,0,12.68217879,0,4,0
31,1,91982.4931,8,3,15.0116765,0,3,1
68,0,80311.22327,14,2,19.08009786,0,3,0
69,1,27975.45152,18,4,4.368565937,0,0,0
60,0,135733.5469,1,3,46.10952756,1,3,1
29,0,75955.56334,17,2,2.620763188,0,4,1
62,0,70250.26589,16,0,39.09015649,0,5,1
42,1,133175.1953,15,4,5.759516276,0,5,0
55,0,101221.9022,14,2,39.34717379,1,5,1
33,1,105058.0318,19,0,36.85892788,1,0,1
54,1,30682.31677,18,1,28.01049102,1,2,0
22,1,113951.9045,2,0,18.65565674,0,1,0
29,0,112824.2438,20,4,53.43639654,0,4,1
35,1,97367.11774,14,2,40.06459772,0,1,1
24,0,125414.2155,11,4,19.45008441,0,4,1
39,0,34204.34734,17,3,27.13410963,0,5,0
49,0,95780.38738,18,0,21.86093229,1,2,1
32,1,35979.6882,11,1,43.85190652,0,4,1
55,0,81936.80822,6,1,56.9437119,1,4,1
68,0,80311.22327,14,2,19.08009786,0,3,0
21,1,120794.9996,10,0,7.630770005,0,2,0
28,1,141304.7331,0,1,17.35151676,0,1,0
41,0,116615.1158,19,2,32.15601677,0,1,0
22,0,55799.55265,9,4,54.27864454,1,1,1
19,0,26090.74811,0,2,53.5875222,0,4,0
18,1,83126.66096,20,3,2.280305621,0,1,0
30,0,71611.95536,20,1,38.68168553,0,5,1
63,0,71874.59129,10,2,43.54624261,0,1,0
34,1,20418.37427,9,1,54.45995479,0,0,0
34,1,104649.186,14,1,28.99811666,0,1,0
39,1,65048.14183,13,0,34.59074328,0,5,1
67,1,28775.33107,18,2,17.6257072,0,1,1
40,1,57363.24754,7,4,12.20603321,0,0,0
63,0,134021.7755,16,2,37.3116338,1,0,1
50,0,52625.66597,13,0,25.34801665,1,4,1
